INSERT INTO todo_app.users (id, name, last_name, role, login, password)
VALUES
(1, 'Захар', 'Шаповалов', 'ADMIN', 'shapovalov.z', 'yny3fw500k'),
(2, 'Платон', 'Попов', 'ADMIN', 'popov.p', '274hxx2l'),
(3, 'Анастасия', 'Ильина', 'USER', 'ilyina.a', 'lb3p182npqvb'),
(4, 'Полина', 'Боброва', 'USER', 'bobrova.p', 'fnmt6m7trfxuk6q7'),
(5, 'Александра', 'Ситникова', 'USER', 'sitnikova.a', 'p55w3sut2lx');

INSERT INTO todo_app.tags (id, title, color)
VALUES
(91, 'Работа', 'AQUA'),
(92, 'Хобби', 'BLACK'),
(93, 'Образование', 'BLUE'),
(94, 'Семья', 'FUCHSIA'),
(95, 'Путешествия', 'GRAY'),
(96, 'Отдых', 'GREEN'),
(97, 'Здоровье', 'LIME'),
(98, 'Домашнее хозяйство', 'MAROON'),
(99, 'Финансы', 'NAVY');

INSERT INTO todo_app.tasks (id, title, state, user_id)
VALUES
(81, 'Позвонить поставщику', 'DONE', 1),
(82, 'Сходить в тренажерный зал', 'IN_PROGRESS', 2),
(83, 'Записаться на курсы английского', 'NOT_STARTED', 3),
(84, 'Сходить с женой в кафе', 'DONE', 4),
(85, 'Купить билеты в Калининград', 'IN_PROGRESS', 5),
(86, 'Провести выходные на даче', 'NOT_STARTED', 1),
(87, 'Пройти диспансеризацию', 'DONE', 2),
(88, 'Починить стиральную машину', 'IN_PROGRESS', 3),
(89, 'Получить документы по ипотеке', 'NOT_STARTED', 4),
(90, 'Сдать квартальный отчет', 'DONE', 5),
(91, 'Собрать Сокола Тысячелетия', 'IN_PROGRESS', 1),
(92, 'Отвести сына на линейку', 'NOT_STARTED', 2),
(93, 'Запланировать поездку в Таиланд', 'DONE', 3),
(94, 'Свозить дочь на соревнования', 'IN_PROGRESS', 4),
(95, 'Посетить сеанс массажа', 'NOT_STARTED', 5),
(96, 'Поставить пломбу', 'DONE', 1),
(97, 'Сделать генеральную уборку', 'IN_PROGRESS', 2),
(98, 'Выдать детям карманные деньги', 'NOT_STARTED', 3),
(99, 'Съездить в командировку', 'DONE', 4),
(100, 'Написать пэт-проект на Java', 'IN_PROGRESS', 5);

INSERT INTO todo_app.tasks_to_tags (task_id, tag_id)
VALUES
(81, 91),
(82, 92),
(82, 97),
(83, 93),
(84, 94),
(85, 95),
(85, 99),
(86, 96),
(86, 94),
(87, 97),
(88, 98),
(89, 99),
(90, 91),
(91, 92),
(92, 93),
(92, 94),
(93, 94),
(93, 95),
(93, 96),
(94, 95),
(94, 94),
(95, 96),
(95, 97),
(96, 97),
(97, 98),
(98, 99),
(98, 94),
(99, 91),
(99, 95),
(100, 92),
(100, 93);

INSERT INTO todo_app.comments (id, comment, task_id)
VALUES
(51, 'Комментарий 1', 82),
(52, 'Комментарий подлиннее 2', 83),
(53, 'Комментарий 1', 83),
(54, 'Длииииииииииинный комментаааааааааааааааааарий 3', 84),
(55, 'Комментарий подлиннее 2', 84),
(56, 'Оооооооооооочень длиииииииииинный комментаааааааааааааааааааааарий 4', 84),
(57, 'Комментарий 1', 85),
(58, 'Длииииииииииинный комментаааааааааааааааааарий 3', 85),
(59, 'Комментарий подлиннее 2', 85),
(510, 'Оооооооооооочень длиииииииииинный комментаааааааааааааааааааааарий 4', 85),
(511, 'Комментарий 1', 87),
(512, 'Длииииииииииинный комментаааааааааааааааааарий 3', 88),
(513, 'Комментарий 1', 88),
(514, 'Комментарий 1', 89),
(515, 'Длииииииииииинный комментаааааааааааааааааарий 3', 89),
(516, 'Комментарий подлиннее 2', 89),
(517, 'Оооооооооооочень длиииииииииинный комментаааааааааааааааааааааарий 4', 90),
(518, 'Комментарий подлиннее 2', 90),
(519, 'Оооооооооооочень длиииииииииинный комментаааааааааааааааааааааарий 4', 90),
(520, 'Комментарий 1', 90),
(521, 'Комментарий 1', 92),
(522, 'Комментарий подлиннее 2', 93),
(523, 'Комментарий 1', 93),
(524, 'Комментарий 1', 94),
(525, 'Оооооооооооочень длиииииииииинный комментаааааааааааааааааааааарий 4', 94),
(526, 'Комментарий подлиннее 2', 94),
(527, 'Оооооооооооочень длиииииииииинный комментаааааааааааааааааааааарий 4', 95),
(528, 'Комментарий подлиннее 2', 95),
(529, 'Оооооооооооочень длиииииииииинный комментаааааааааааааааааааааарий 4', 95),
(530, 'Комментарий 1', 95),
(531, 'Комментарий 1', 97),
(532, 'Комментарий подлиннее 2', 98),
(533, 'Комментарий 1', 98),
(5534, 'Комментарий 1', 99),
(535, 'Длииииииииииинный комментаааааааааааааааааарий 3', 99),
(536, 'Комментарий подлиннее 2', 99),
(537, 'Оооооооооооочень длиииииииииинный комментаааааааааааааааааааааарий 4', 100),
(538, 'Комментарий подлиннее 2', 100),
(539, 'Длииииииииииинный комментаааааааааааааааааарий 3', 100),
(540, 'Комментарий 1', 100);